"myid","tbs","Name","Rem","Imax","Ipeak","R","Weight","NiMHmin","NiMHmax","LiPomin","LiPomax","ts"
"1","4","SBL Micro Autotiming","","0.0","0.0","0.0","0.0","0","0","0","0","2006-03-21 17:17:11"
"2","4","Aveox H-160","","60.0","100.0","7.0","74.0","0","30","0","0","2006-03-21 17:17:11"
"3","4","Aveox SH-18","","25.0","45.0","2.75","74.0","0","30","0","0","2006-03-21 17:17:11"
"4","4","Aveox SH-48","","40.0","50.0","2.75","74.0","0","30","0","0","2006-03-21 17:17:11"
"5","4","Aveox SH-96","","100.0","125.0","2.75","74.0","0","30","0","0","2006-03-21 17:17:11"
"6","4","Aveox SL-48","","60.0","80.0","2.75","48.0","0","16","0","0","2006-03-21 17:17:11"
"7","4","Castle Phoenix 10 ","ESC","10.0","15.0","13.0","6.0","5","16","2","4","2007-09-15 20:28:22"
"8","4","Castle Phoenix 35 ","","35.0","40.0","4.5","25.0","0","16","0","0","2006-03-21 17:17:11"
"9","4","Castle Phoenix 45 ","","45.0","60.0","2.6","30.0","0","16","0","0","2006-03-21 17:17:11"
"10","4","Castle Phoenix 60 ","","60.0","80.0","1.2","58.0","0","20","0","0","2006-03-21 17:17:11"
"11","4","Castle Phoenix 80 ","","80.0","120.0","1.0","60.0","0","20","0","0","2006-03-21 17:17:11"
"12","4","Hacker 06-3P","","6.0","6.0","12.0","12.0","0","10","0","0","2006-03-21 17:17:11"
"13","4","Hacker 105-3P Opto","","105.0","150.0","1.5","41.0","0","16","0","0","2006-03-21 17:17:11"
"14","4","Hacker 18-3P","","18.0","22.0","7.0","15.0","0","10","0","0","2006-03-21 17:17:11"
"15","4","Hacker 30-3P","","30.0","35.0","6.0","20.0","0","10","0","0","2006-03-21 17:17:11"
"16","4","Hacker 40-3P Opto","","40.0","48.0","5.0","31.0","0","16","0","0","2006-03-21 17:17:11"
"17","4","Hacker 48-3P Opto","","48.0","55.0","5.0","48.0","0","30","0","0","2006-03-21 17:17:11"
"18","4","Hacker 70-3P Opto","","70.0","80.0","3.0","41.0","0","16","0","0","2006-03-21 17:17:11"
"19","4","Hacker 77-3P","","77.0","88.0","3.0","43.0","0","30","0","0","2006-03-21 17:17:11"
"20","4","Hacker 99-3P","","99.0","130.0","2.0","48.0","0","24","0","0","2006-03-21 17:17:11"
"21","4","Kontronik Beat 30-8-30","","30.0","40.0","6.0","14.0","0","30","0","0","2006-03-21 17:17:11"
"22","4","Kontronik Beat 40-6-12","","40.0","50.0","5.0","14.0","0","12","0","0","2006-03-21 17:17:11"
"23","4","Kontronik Beat 40-6-18","","40.0","50.0","5.0","14.0","0","18","0","0","2006-03-21 17:17:11"
"24","4","Kontronik Beat 40-8-24","","40.0","50.0","5.0","14.0","0","24","0","0","2006-03-21 17:17:11"
"25","4","Kontronik Beat 50-8-30","","50.0","60.0","4.0","21.0","0","30","0","0","2006-03-21 17:17:11"
"26","4","Kontronik Beat 55-6-18","","55.0","70.0","4.0","14.0","0","18","0","0","2006-03-21 17:17:11"
"27","4","Kontronik Beat 60-8-24","","60.0","70.0","3.0","21.0","0","24","0","0","2006-03-21 17:17:11"
"28","4","Kontronik Beat 70-6-12 ","","70.0","90.0","3.0","21.0","0","12","0","0","2006-03-21 17:17:11"
"29","4","Kontronik Beat 80-6-18","","80.0","100.0","3.0","21.0","0","18","0","0","2006-03-21 17:17:11"
"30","4","Kontronik Smile 30-6-12","","30.0","40.0","6.0","13.0","0","12","0","0","2006-03-21 17:17:11"
"31","4","Kontronik Smile 40-6-12","","40.0","50.0","5.0","17.0","0","12","0","0","2006-03-21 17:17:11"
"32","4","Kontronik Smile 40-6-18","","40.0","50.0","5.0","17.0","0","18","0","0","2006-03-21 17:17:11"
"33","4","Kontronik Smile 50-6-18","","50.0","60.0","4.0","17.0","0","18","0","0","2006-03-21 17:17:11"
"34","4","Schulze 11.20e ","","20.0","26.0","8.0","18.0","0","11","0","0","2006-03-21 17:17:11"
"35","4","Schulze 11.30e","","30.0","40.0","7.0","20.0","0","11","0","0","2006-03-21 17:17:11"
"36","4","Schulze 11.40Ke","","40.0","53.0","4.0","35.0","0","11","0","0","2006-03-21 17:17:11"
"37","4","Schulze 12.36e","","36.0","47.0","7.0","41.0","0","12","0","0","2006-03-21 17:17:11"
"38","4","Schulze 12.46e","","46.0","60.0","4.6","41.0","0","12","0","0","2006-03-21 17:17:11"
"39","4","Schulze 12.97Fe","","97.0","128.0","1.6","44.0","0","12","0","0","2006-03-21 17:17:11"
"40","4","Schulze 18.129F","","129.0","171.0","0.8","44.0","0","18","0","0","2006-03-21 17:17:11"
"41","4","Schulze 18.36","","36.0","47.0","7.0","33.0","0","18","0","0","2006-03-21 17:17:11"
"42","4","Schulze 18.46K","","46.0","60.0","4.6","41.0","0","18","0","0","2006-03-21 17:17:11"
"43","4","Schulze 18.61","","61.0","81.0","2.6","36.0","0","18","0","0","2006-03-21 17:17:11"
"44","4","Schulze 18.97F","","97.0","128.0","1.6","44.0","0","18","0","0","2006-03-21 17:17:11"
"45","4","Schulze 24.40K","","40.0","53.0","6.0","41.0","0","24","0","0","2006-03-21 17:17:11"
"46","4","Schulze 24.89F","","89.0","119.0","1.0","44.0","0","24","0","0","2006-03-21 17:17:11"
"47","4","Schulze 32.170W","","170.0","226.0","1.8","195.0","0","32","0","0","2006-03-21 17:17:11"
"48","4","Schulze 32.28K","","28.0","37.0","16.0","41.0","0","32","0","0","2006-03-21 17:17:11"
"49","4","Schulze 32.40K","","40.0","53.0","7.4","41.0","0","32","0","0","2006-03-21 17:17:11"
"50","4","Schulze 32.55","","55.0","73.0","5.4","48.0","0","32","0","0","2006-03-21 17:17:11"
"51","4","Schulze 32.80F","","80.0","106.0","2.4","44.0","0","32","0","0","2006-03-21 17:17:11"
"52","4","Schulze 40.70","","70.0","93.0","3.6","51.0","0","40","0","0","2006-03-21 17:17:11"
"53","4","Schulze 40.70WK","","83.0","100.0","3.6","71.0","0","40","0","0","2006-03-21 17:17:11"
"54","4","Conrad BL20 Air","www.conrad.de","20.0","24.0","0.0","24.0","5","10","2","3","2008-04-28 18:10:17"
"55","4","Kontronik Jazz 80-6-18","Kontronik","80.0","100.0","0.0","59.0","6","18","2","6","2007-08-24 13:48:24"
"56","4","Kontronik PIX 3000","Kontronik","30.0","35.0","0.0","11.0","6","12","2","4","2006-03-21 17:17:11"
"57","4","Kontronik PIX 1000","Kontronik","18.0","22.0","0.0","11.0","6","12","2","4","2006-03-21 17:17:11"
"58","4","Kontronik PIX 4000","Kontronik","40.0","45.0","0.0","19.0","6","12","2","4","2006-03-21 17:17:11"
"59","4","Kontronik Mini PIX","Kontronik","15.0","18.0","0.0","10.0","6","8","2","3","2006-03-21 17:17:11"
"60","4","Kontronik Jazz 40-6-18","Kontronik","40.0","50.0","5.0","33.0","6","18","2","4","2006-03-21 17:17:11"
"61","4","Jeti Advance+ 70","","70.0","70.0","0.0","38.0","6","16","2","6","2006-03-21 17:17:11"
"62","4","TMM 0810-3 PL","MGM","8.0","10.0","18.6","9.0","6","10","2","3","2006-03-21 17:17:11"
"63","4","TMM 1210-3 PL auto","MGM","12.0","15.0","12.6","9.0","6","10","2","3","2006-03-21 17:17:11"
"64","4","TMM 1812-3 PL","MGM","18.0","23.0","9.2","17.0","6","12","2","4","2006-03-21 17:17:11"
"65","4","TMM 2512-3 PL V2.19 auto","MGM","25.0","30.0","7.8","20.0","6","12","2","4","2006-03-21 17:17:11"
"66","4","TMM 2512-3 PL V3.20 auto","MGM","25.0","30.0","7.8","20.0","6","12","2","4","2006-03-21 17:17:11"
"67","4","TMM 4012-3","MGM","40.0","50.0","2.6","31.0","6","12","2","4","2006-03-21 17:17:11"
"68","4","TMM 4016-3","MGM","40.0","50.0","2.6","31.0","7","16","3","6","2006-03-21 17:17:11"
"69","4","TMM 0710-3","MGM","7.0","10.0","36.0","6.7","3","10","1","3","2006-03-21 17:17:11"
"70","4","TMM 6012","MGM","60.0","70.0","2.6","52.0","6","12","0","0","2006-03-21 17:17:11"
"71","4","TMM 8012","MGM","80.0","100.0","1.4","52.0","6","12","0","0","2006-03-21 17:17:11"
"72","4","TMM 8016","MGM","80.0","100.0","1.4","52.0","6","16","0","0","2006-03-21 17:17:11"
"73","4","BK-Warrior 70/18 15°","BK-electronics","70.0","70.0","0.0","45.0","0","18","0","0","2006-03-22 14:30:13"
"74","4","LMT 18/70 Micro 15°","","70.0","70.0","0.0","45.0","0","18","0","0","2006-03-22 14:31:38"
"75","4","Schulze Future 45 28°","","0.0","0.0","0.0","0.0","0","0","0","0","2006-03-21 17:28:39"
"76","4","ElectriFly SS-8","electrifly.com & Quiet Flyer","8.0","10.0","50.0","13.0","6","12","2","4","2006-03-23 15:15:32"
"77","4","ElectriFly SS-12","electrifly.com & Quiet Flyer","12.0","15.0","30.0","17.0","6","12","2","4","2006-03-23 15:16:15"
"78","4","ElectriFly SS-25","electrifly.com & Quiet Flyer","25.0","28.0","15.0","32.0","6","12","2","4","2006-03-23 15:16:55"
"79","4","ElectriFly SS-35","electrifly.com & Quiet Flyer","35.0","40.0","10.0","36.0","6","12","2","4","2006-03-23 15:17:39"
"80","4","ElectriFly SS-45","electrifly.com & Quiet Flyer","45.0","50.0","8.0","57.0","6","12","2","4","2006-03-23 15:18:13"
"81","4","Hyperion 90A Opto auto","Datasheet","90.0","115.0","0.0","106.0","14","30","5","10","2006-04-27 15:56:55"
"82","4","Electronicmodel Flash K2 110A","","0.0","0.0","0.0","0.0","0","0","0","0","2006-04-27 16:34:50"
"83","4","Castle Phoenix 30","","30.0","0.0","0.0","0.0","0","0","0","0","2006-04-27 16:43:23"
"85","4","Hacker X-12","Hacker","12.0","12.0","0.0","15.0","5","10","2","3","2006-08-18 13:12:44"
"86","4","Hacker X-20","Hacker","20.0","20.0","0.0","16.0","5","10","2","3","2006-08-18 13:12:53"
"87","4","Multiplex MULTIcont BL-17","Multiplex Datas","17.0","22.0","13.0","10.0","5","12","2","3","2006-08-13 19:08:31"
"88","4","Feigao FG-25","FEIGAO.de","25.0","30.0","0.0","21.0","4","12","2","3","2006-08-25 18:16:35"
"89","4","Feigao FG-15","FEIGAO.de","15.0","25.0","0.0","19.0","4","12","2","3","2006-08-25 18:16:07"
"90","4","Feigao FG-10","FEIGAO.de","10.0","13.0","0.0","9.0","4","12","2","3","2006-08-25 18:17:03"
"91","4","Feigao FG-30A","FEIGAO.de","30.0","40.0","0.0","25.0","5","12","2","4","2006-08-25 18:17:51"
"92","4","Feigao FG-40A","FEIGAO.de","40.0","60.0","0.0","38.0","5","16","2","5","2006-08-25 18:18:25"
"93","4","Feigao FG-60A","FEIGAO.de","60.0","80.0","0.0","45.0","5","15","2","5","2006-08-25 18:19:00"
"94","4","Jeti Spin 44 (20°)","Jeti","44.0","44.0","4.0","40.0","6","18","2","6","2007-01-17 18:52:59"
"95","4","Master90 Acro Timing II","","0.0","0.0","0.0","0.0","0","0","0","0","2006-04-26 20:38:48"
"96","4","SH-Race Boat Team","Thomas Aschenbrenner","75.0","0.0","0.0","45.0","5","12","0","0","2006-10-30 20:24:39"
"97","4","LMT 18/70 15° ","","0.0","0.0","0.0","0.0","0","0","0","0","2006-03-09 15:31:00"
"98","4","YGE 60","effektmodell.de","60.0","70.0","0.0","32.0","6","18","2","6","2007-01-11 09:57:21"
"99","4","Tsunami10","","0.0","0.0","0.0","0.0","0","0","0","0","2007-01-11 13:04:02"
"100","4","Kontronik Swing 3000","Kontronik","33.0","35.0","0.0","32.0","6","10","2","3","2007-01-11 13:50:31"
"101","4","Kontronik Swing 1000","Kontronik","18.0","22.0","0.0","29.0","6","10","2","3","2007-01-11 13:51:42"
"102","4","Hacker X-7","Hacker","7.0","7.0","0.0","10.0","5","10","2","3","2007-01-11 14:13:25"
"103","4","Hacker Master 90 Acro Timing II","Hacker","90.0","100.0","2.5","90.0","16","36","5","12","2007-01-11 14:18:01"
"104","4","YGE 12","YGE","12.0","14.0","0.0","6.0","4","10","2","3","2007-01-11 14:19:55"
"105","4","GWESC15A","GWS datasheet","10.0","15.0","0.0","17.0","6","12","2","4","2007-01-11 13:31:20"
"106","4","GWESC25A","GWS datasheet","18.0","25.0","0.0","18.0","6","12","2","4","2007-01-11 13:33:47"
"107","4","GWESC35A","GWS datasheet","25.0","35.0","0.0","22.0","6","12","2","4","2007-01-11 13:33:20"
"108","4","Kontronik Jazz 55-10-32","Kontronik","55.0","65.0","0.0","59.0","10","32","4","10","2006-03-21 17:17:11"
"109","4","Kontronik Jazz 55-6-18","Kontronik","55.0","65.0","0.0","42.0","6","18","2","6","2006-03-21 17:17:11"
"110","4","Jeti Spin 44 (28°)","","44.0","44.0","4.0","40.0","6","18","2","6","2007-01-17 19:47:00"
"111","4","Welgard ESC 18 (default)","Gegie Pruefst.","18.0","22.0","8.0","18.0","5","10","2","3","2007-01-23 09:18:13"
"112","4","Welgard ESC 70 (30°)","www.mibomodeli.si (GeGie Pruefst.)","70.0","85.0","0.0","35.0","10","20","4","8","2007-01-29 09:04:55"
"113","4","Turborix 60, 18","","60.0","80.0","9.0","0.0","2","18","1","6","2007-01-31 18:31:59"
"114","4","Jeti Advance+ 40","","40.0","40.0","0.0","35.0","6","12","2","3","2006-03-21 17:17:11"
"115","4","STWAP 50 BEC (Brushed)","ueliisa","50.0","50.0","0.0","0.0","6","12","2","3","2007-04-15 11:01:34"
"116","4","Jeti Advance+ 30","","30.0","30.0","0.0","28.0","6","10","2","3","2006-03-21 17:17:11"
"117","4","Castle Phoenix 25 ","","25.0","40.0","6.5","17.0","0","16","0","0","2006-03-21 17:17:11"
"118","4","SBL Mini2 Autotiming","www.speedy-bl.com","25.0","25.0","0.0","22.0","6","10","2","3","2007-04-16 09:38:16"
"119","4","SBL Mega V1","www.speedy-bl.com","40.0","70.0","0.0","45.0","6","12","2","4","2007-04-16 09:36:51"
"120","4","Jamara LiPo-Fly 14","Herstellerangaben","14.0","15.5","3.5","10.0","4","8","1","3","2007-05-10 13:02:50"
"121","4","YGE 40","Michael Cieplik","40.0","45.0","0.0","35.0","6","18","2","6","2008-01-31 14:32:19"
"122","4","HobbyWing (UH) Pentium 25A","Unitedhobbies","25.0","35.0","0.0","22.0","5","12","2","4","2007-06-24 11:23:44"
"123","4","HobbyWing (UH) Pentium 30A","Unitedhobbies","30.0","40.0","0.0","25.0","5","12","2","4","2007-06-24 11:24:55"
"124","4","HobbyWing (UH) Pentium 40A","Unitedhobbies","40.0","50.0","0.0","33.0","5","18","2","6","2007-06-24 11:25:58"
"125","4","Welgard 65 amp 7 deg","K Myers timing 7 deg 8KHz","65.0","70.0","0.0","61.5","6","18","2","7","2007-06-25 15:58:09"
"126","4","Welgard 65 amp 1-deg","K Myers timing 1 deg 8KHz","65.0","70.0","0.0","61.5","6","18","2","7","2007-06-25 15:58:21"
"127","4","Welgard 65 amp 15 deg","K Myers timing 7 deg 8KHz","65.0","70.0","0.0","61.5","6","18","2","7","2007-06-25 16:17:59"
"128","4","Welgard 65 amp 30 deg","K Myers timing 30 deg 8KHz","65.0","70.0","0.0","61.5","6","18","2","7","2007-06-26 10:03:03"
"129","4","YGE 8 Timing 22,5°","","8.0","8.0","0.0","0.0","6","10","2","3","2007-02-02 20:36:37"
"130","4","Extreme Flight Airboss Elite 45","Hersteller","45.0","50.0","0.0","48.0","6","16","2","5","2007-08-18 21:30:06"
"131","4","Jeti Spin 66 (22°)","ESC","70.0","75.0","0.0","70.0","6","18","2","6","2007-07-16 08:25:12"
"132","4","Jeti Spin 55","ESC","55.0","60.0","0.0","59.0","6","24","2","8","2007-08-25 17:14:37"
"133","4","Jeti Spin 66","Jeti","70.0","75.0","0.0","70.0","6","18","2","6","2007-08-13 07:01:46"
"134","4","Jeti Spin 44","Jeti","44.0","50.0","0.0","40.0","6","18","2","6","2007-08-13 07:02:51"
"135","4","Jeti Spin 33","Jeti","33.0","40.0","0.0","30.0","5","14","2","6","2007-08-13 07:03:55"
"136","4","Jeti Spin 22","Jeti-Datenblatt","22.0","30.0","8.0","18.0","5","12","2","4","2009-06-23 03:11:40"
"137","4","Jeti Spin 11","Jeti","11.0","15.0","0.0","12.0","5","12","2","4","2007-08-13 07:05:45"
"138","4","Emax Guard-18 Brushless","www.flyingwings.co.uk","18.0","22.0","2.0","21.6","5","12","2","4","2007-09-09 01:24:44"
"139","4","Art-Tech 30A","ESC","30.0","45.0","5.0","30.0","5","12","2","3","2007-09-07 22:23:14"
"140","4","Kontronic RONDO 480","ESC","18.0","22.0","50.0","10.0","6","8","2","3","2007-09-09 15:25:31"
"141","4","Rondo 480","ESC","18.0","22.0","0.0","0.0","6","8","0","0","2007-09-09 15:20:28"
"142","4","Dymond Master 10","ESC","10.0","15.0","13.0","6.0","5","16","2","4","2007-09-15 20:30:06"
"143","4","BP Hobbies 70A 1-deg timing","K. Myers via BP Hobbies","70.0","80.0","0.0","62.9","10","20","4","8","2007-09-11 12:40:15"
"144","4","BP Hobbies 70A 15-deg timing","K. Myers via BP Hobbies","70.0","80.0","0.0","62.9","10","20","4","8","2007-09-11 13:34:11"
"145","4","Rondo 400","ESC","15.0","18.0","10.0","10.0","6","10","0","0","2007-10-03 19:50:20"
"146","4","Castle Thunderbird 54","Fr4nk1yn","54.0","54.0","4.9","34.0","7","12","1","3","2007-10-12 23:42:37"
"147","4","Castle ThunderBird 18","Fr4nk1yn","18.0","18.0","6.5","17.0","7","12","1","3","2007-10-12 23:43:32"
"148","4","Castle Thunderbird 36","Fr4nk1yn","36.0","36.0","4.9","20.0","7","12","1","3","2007-10-12 23:44:11"
"149","4","XPOWER XREG 60","Topmodel","60.0","70.0","0.0","48.0","5","15","2","5","2007-10-21 10:50:16"
"150","4","Jeti Spin 99 opto","ESC","99.0","120.0","0.0","110.0","20","32","5","12","2007-11-11 09:09:13"
"151","4","Tower Pro 9g MAG8","www.unitedhobbies.com","10.0","12.0","0.0","12.0","4","12","2","3","2008-04-28 18:47:15"
"152","4","Dymond Master 80","Bedienungsanleitung","80.0","120.0","1.0","60.0","5","20","2","6","2007-11-20 22:38:45"
"153","4","Hacker X-40-PRO","Hacker","40.0","40.0","0.0","43.0","6","12","2","3","2007-11-18 12:17:10"
"154","4","Castle Phoenix 125","Castle Creations","125.0","160.0","1.0","91.0","0","20","0","6","2007-09-07 15:52:20"
"155","4","Scorpion Commander 55A 15-deg","","55.0","0.0","1.56","45.0","5","12","2","4","2007-07-01 06:49:08"
"156","4","Scorpion Commander 70A 15-deg","","70.0","0.0","1.28","50.0","5","12","2","4","2007-07-01 06:51:05"
"157","4","HiModel Professional 25A","http://www.himodel.com/","25.0","35.0","0.0","22.0","5","12","2","4","2007-11-21 09:13:19"
"158","4","Mystery 30A","Datenblatt Mystery Regler ","30.0","40.0","4.4","18.0","6","16","2","3","2009-02-25 09:38:18"
"159","4","Robotbirds 25A","http://robotbirds.com product data","25.0","35.0","0.0","22.0","5","12","2","4","2007-11-21 09:15:38"
"160","4","Airboss Elite 80 (autotiming)","Extreme Flight (Arne Finkeldey)","80.0","90.0","0.0","85.0","7","14","2","6","2007-11-30 14:29:00"
"161","4","ACT Skybrush 18","ACT","18.0","22.0","0.0","12.0","4","11","2","3","2007-12-01 09:04:34"
"162","4","YGE 80","Michael Cieplik","80.0","85.0","0.0","56.0","6","18","2","6","2008-01-31 14:30:36"
"163","4","YGE 30","Michael Cieplik","30.0","32.0","0.0","21.0","6","12","2","4","2008-01-31 14:30:05"
"164","4","Dymond Smart 80-Plus","www.elektromodellflug.de","80.0","90.0","0.0","75.0","4","15","2","6","2008-01-29 15:26:16"
"165","4","Hacker X-70-PRO","Hacker","70.0","100.0","0.0","54.0","6","18","2","6","2008-02-27 14:25:03"
"166","4","Hyperion 80A cool-BEC (22-30°)","www.elektromodellflug.de","80.0","90.0","0.0","50.0","6","18","2","6","2008-03-18 14:10:23"
"167","4","Dymond Smart 80-Plus (high)","www.elektromodellflug.de","80.0","90.0","0.0","75.0","4","15","2","6","2008-04-08 08:10:43"
"168","4","Dymond Smart 40-Plus (high)","www.staufenbiel.de (GeGie Pruefst.)","40.0","0.0","0.0","44.0","5","15","2","4","2008-04-08 09:47:30"
"169","4","Jeti Spin 44 (7°)","Jeti","44.0","50.0","0.0","40.0","6","18","2","6","2008-04-08 11:46:13"
"170","4","Jeti Eco Park Fly 12","Blue Angel","12.0","14.0","0.0","17.0","6","10","2","3","2008-04-08 18:17:21"
"171","4","Scorpio S8840S","Hersteller","40.0","456.0","0.0","45.0","6","12","0","0","2008-04-06 21:12:25"
"172","4","Hifei ESC 50A-G","Hersteller","50.0","70.0","0.0","42.0","6","16","2","5","2008-04-04 22:24:29"
"173","4","T2M 35A (Air Power)","Hersteller","35.0","45.0","0.0","37.0","6","18","2","6","2008-04-04 22:38:17"
"174","4","Turnigy Plush 6A","www.hobbycity.com","6.0","8.0","12.0","6.0","5","6","2","3","2008-05-17 17:22:27"
"175","4","TowerPro N18A","www.hobbycity.com","18.0","20.0","4.0","20.0","6","16","2","3","2008-03-30 22:25:34"
"176","4","Dymond Smart 40","Herstellerangaben","40.0","0.0","0.0","33.0","5","15","2","5","2008-04-03 19:12:04"
"177","4","Hifei ESC 35A-G","Hersteller","35.0","50.0","0.0","37.0","5","14","2","4","2008-04-03 23:33:25"
"178","4","Kontronik SUN 4001","Regler-Typschild","40.0","40.0","0.0","0.0","6","12","0","0","2008-04-27 21:16:03"
"179","4","TR_S 40A","www.hobbycity.com","40.0","43.0","0.01","40.0","5","18","2","5","2008-04-28 22:20:51"
"180","4","Conrad BEC-AIR 7A","www.conrad.de","7.3","9.0","7.5","12.0","5","10","2","3","2008-04-28 18:22:28"
"181","4","Multiplex MULTIcont BL-27","","27.0","30.0","13.0","23.0","5","9","2","3","2008-05-04 12:46:25"
"182","4","Tower pro n65A 2/7/15/30","jerome magnien","65.0","80.0","0.0","40.0","12","18","4","6","2008-05-28 19:45:37"
"183","4","Dymond BLC 36","","36.0","45.0","0.0","22.0","6","12","2","4","2006-09-14 20:12:32"
"184","4","E-flite 25-Amp Pro Brushless ESC","K. Myers - default","25.0","30.0","0.0","34.0","0","0","2","3","2008-08-08 10:23:03"
"185","4","E-flite 40-Amp Pro Switch-Mode BEC 5-deg timing","K. Myers","40.0","55.0","0.0","62.0","9","18","3","6","2008-09-29 08:57:32"
"186","4","Kontronik JIVE 100LV","www.elektromodellflug.de","100.0","200.0","0.0","85.0","5","18","2","6","2008-09-16 10:34:37"
"187","4","Kontronik Power Jazz","www.elektromodellflug.de","120.0","200.0","0.0","220.0","10","50","3","15","2008-09-16 10:58:32"
"188","4","Turnigy Plush 12A","hobbycity by BlueAngel","12.0","15.0","0.0","13.0","5","12","2","4","2008-10-29 21:17:31"
"189","4","Kontronik JIVE 80HV","www.elektromodellflug.de","120.0","0.0","0.0","85.0","12","16","4","14","2008-11-13 18:32:53"
"190","4","Turborix 120HV auto timing","www.elektromodellflug.de","120.0","120.0","0.0","100.0","14","34","4","12","2008-12-29 18:40:19"
"191","4","Schulze future Value 12.60e (autoT)","www.elektromodellflug.de","60.0","80.0","0.0","58.0","6","12","2","4","2008-12-22 10:39:13"
"192","4","Jeti Advance+ 18","","18.0","20.0","0.0","21.0","6","10","2","3","2008-12-29 18:44:13"
"193","4","Walkera WK WST 30A","Walkera","30.0","50.0","4.4","38.0","6","12","2","4","2009-01-26 01:47:10"
"194","4","Walkera WK WST 20A","Walkera","20.0","40.0","6.6","29.0","6","12","2","4","2009-01-26 01:32:21"
"195","4","Align RCE-BL25G","Align","25.0","35.0","0.0","23.0","6","12","2","4","2009-01-26 01:33:49"
"196","4","E-Sky EK1-0350","E-Sky","25.0","50.0","0.0","18.0","8","12","3","4","2009-01-26 01:40:18"
"197","4","TowerPro 50A","Tower Pro","50.0","55.0","0.0","34.0","12","18","4","6","2009-01-26 01:42:54"
"198","4","Turnigy Plush 60A","Turnigy manual","60.0","80.0","0.0","60.0","5","18","2","6","2009-01-26 01:47:31"
"199","4","Turnigy Plush 30A","Hobby City","30.0","40.0","0.0","25.0","6","12","2","4","2009-01-25 11:26:23"
"200","4","Dynam ESC-18A","Dynam info sheet","18.0","0.0","0.0","21.0","6","12","2","4","2009-01-25 12:09:21"
"201","4","Tsunami30, auto timing","","30.0","40.0","0.0","35.0","6","16","2","5","2009-02-13 16:31:42"
"202","4","Turnigy Plush 25A","Hobbycity","25.0","35.0","0.0","22.0","5","12","2","4","2009-02-03 17:16:47"
"203","4","Jeti Advance+ 77 OPTO","Manual","77.0","77.0","0.0","40.0","8","30","3","10","2009-02-13 16:31:06"
"204","4","HiModel 18A Professional Balancer","","18.0","22.0","0.0","27.0","0","0","2","4","2007-10-14 10:28:19"
"205","4","Graupner SPEED 400 PLUS","","10.0","20.0","0.0","0.0","6","8","2","3","2008-03-28 22:54:42"
"206","4","Hacker Master 140 o F5D","","140.0","200.0","1.5","41.0","6","16","2","5","2008-10-06 12:25:55"
"207","4","Turnigy Plush 25A, low","Hobbycity","25.0","35.0","0.0","22.0","5","12","2","4","2009-01-08 18:28:32"
"208","4","Scorpion Commander 45A (auto)","www.elektromodellflug.de","45.0","50.0","0.0","47.0","5","20","2","6","2009-04-28 16:49:41"
"209","4","Scorpion Commander 90A (auto)","www.elektromodellflug.de","90.0","100.0","0.0","76.0","0","0","0","0","2009-04-28 18:34:30"
"210","4","YGE 120HV (22°)","YGE","120.0","150.0","0.0","120.0","12","42","4","14","2009-04-20 07:56:07"
"211","4","Jamara LiPo-Fly 25","Jamara data sheet","25.0","32.0","2.3","25.5","5","10","2","3","2009-05-20 21:43:40"
"212","4","Dymond Smart 10 ","www.modellhobby.de","10.0","10.0","0.0","9.0","5","12","2","4","2009-05-17 08:26:52"
"213","4","Dymond Smart 18","m.maik@gmx.de","18.0","18.0","0.0","19.0","5","12","2","4","2009-05-17 08:29:15"
"214","4","Dymond Smart 25","m.maik@gmx.de","25.0","25.0","0.0","22.0","5","12","2","4","2009-05-17 08:29:50"
"215","4","Dymond Smart 30","m.maik@gmx.de","30.0","30.0","0.0","25.0","5","12","2","4","2009-05-17 08:30:38"
"216","4","Dymond Smart 40-Plus","m.maik@gmx.de","40.0","40.0","0.0","44.0","5","15","2","5","2009-05-20 21:42:34"
"217","4","Dymond Smart 60","m.maik@gmx.de","60.0","60.0","0.0","60.0","5","15","2","5","2009-05-17 08:32:02"
"218","4","Dymond Smart 80","m.maik@gmx.de","80.0","80.0","0.0","62.0","5","15","2","5","2009-05-20 21:40:13"
"219","4","Dymond Smart 100 HV","m.maik@gmx.de","100.0","100.0","0.0","112.0","15","36","5","12","2009-05-17 08:34:36"
"220","4","Dymond Smart 30 plus","m.maik@gmx.de","30.0","30.0","0.0","29.0","5","12","2","4","2009-05-17 08:35:57"
"221","4","Dymond Smart 18 plus","m.maik@gmx.de","18.0","18.0","0.0","24.0","5","12","2","4","2009-05-17 08:46:47"
"222","4","Dymond Smart 25 plus","Dymond BEC 5V/2A","25.0","25.0","0.0","27.0","5","12","2","4","2009-05-17 08:47:48"
"223","4","Multiplex MULTIcont BL-55 S-BEC","","55.0","0.0","0.0","49.0","6","25","2","6","2009-07-02 19:22:01"
"224","4","Turnigy Plush 40A","","55.0","40.0","0.0","33.0","5","18","2","6","2009-07-02 19:22:43"
"225","4","Jamara LiPo-Fly 35","Jamara Datenblatt","35.0","42.0","1.75","30.0","5","12","2","4","2009-07-27 00:13:19"
"226","4","Jamara LiPo-Fly 50","Jamara Datenblatt","50.0","62.0","0.8","32.5","5","12","2","4","2009-07-27 00:24:33"
"227","4","Jamara LiPo-Fly 7","Jamara Datenblatt","7.0","8.0","7.0","5.5","4","8","1","3","2009-07-27 00:25:20"
"228","4","Pulso 33A+","http://www.pulso.co.uk/product_info.php?cPath=21&products_id=28","33.0","33.0","0.0","22.0","0","0","2","3","2009-07-30 21:50:21"
"229","4","Turnigy Sentry 18A","http://www.hobbycity.com/hobbycity/store/uh_viewItem.asp?idProduct=4218","18.0","22.0","0.0","65.0","5","15","2","4","2009-08-02 11:47:21"
"230","4","Hobbyking SS Series 50-60A ESC","Hobbyking","50.0","60.0","1.0","63.0","6","20","2","7","2009-08-11 20:22:51"
"231","4","Scorpion Commander 25A (auto)","www.elektromodellflug.de","25.0","28.0","0.0","25.0","5","12","2","4","2009-08-11 17:11:07"
"232","4","Scorpion Commander 60A (auto)","www.elektromodellflug.de","60.0","80.0","0.0","75.0","5","21","2","6","2009-08-11 17:51:01"
"233","4","Arrowind 40A ","http://www.arrowindhobby.com","40.0","50.0","0.0","35.0","5","14","2","5","2009-09-17 22:50:23"
"235","4","Scorpion Commander HV 130A (auto)","www.litronics2000.de (www.elektromodellflug.de)","130.0","150.0","0.0","180.0","10","42","3","12","2009-10-07 11:55:47"
"236","4","Scorpion Commander 180A SBEC (auto)","www.litronics2000.de (www.elektromodellflug.de)","180.0","200.0","0.0","123.0","5","22","2","6","2009-10-07 11:57:22"
"237","4","Castle Phoenix ICE 50","castlecreations.com","50.0","90.0","0.0045","34.6","3","22","3","8","2009-10-15 23:09:52"
"238","4","Dymond Smart 40 Profi (18,5°)","www.elektromodellflug.de","40.0","45.0","0.0","40.0","5","18","2","6","2009-10-21 11:22:06"
"239","4","Dymond Smart 60 Profi (18,5°)","www.elektromodellflug.de","60.0","70.0","0.0","75.0","5","18","2","6","2009-10-21 12:41:01"
"240","4","Dymond Smart 80 Profi (18,5°)","www.elektromodellflug.de","80.0","90.0","0.0","82.0","5","18","2","6","2009-10-21 14:55:37"
"241","4","Dymond Smart 70HV Profi (18,5°)","www.elektromodellflug.de","70.0","80.0","0.0","82.0","15","36","5","12","2009-10-21 15:36:15"
"242","4","Torcster ECO 10A","http://www.natterer-modellbau.de","10.0","12.0","0.0","8.0","4","10","2","3","2009-11-02 16:00:00"
"243","4","Torcster ECO 20A","www.natterer-modellbau.de","20.0","25.0","0.0","12.0","4","10","2","3","2009-11-02 16:36:25"
"244","4","Torcster ECO 30A","www.natterer-modellbau.de","30.0","35.0","0.0","20.0","4","10","2","3","2009-11-02 16:38:13"
"245","4","Torcster ECO 40A","www.natterer-modellbau.de","40.0","45.0","0.0","21.0","2","3","4","10","2009-11-02 16:39:05"
"246","4","MULTIcont BL-37/II","mpx website","37.0","0.0","0.0","30.0","5","9","2","3","2009-11-11 21:10:59"
"247","4","Dymond Smart 60 Profi (7,5°)","www.elektromodellflug.de","60.0","70.0","0.0","75.0","5","18","2","6","2009-11-11 12:29:10"
"248","4","Turnigy Plush 18A","","18.0","22.0","0.0","19.0","5","12","2","4","2009-11-30 20:52:51"
"249","4","Dualsky XC1210BA","Lindinger","12.0","18.0","0.0","12.5","5","10","2","3","2009-12-05 18:49:43"
"250","4","Hobbyking SS Series 18-20A ESC","Hobbyking","18.0","20.0","0.0","19.0","0","0","2","3","2009-11-10 15:55:10"
"251","4","Motrolfly 30A","Dr Kiwi","30.0","30.0","0.0","34.0","6","12","2","3","2009-12-16 13:30:46"
"252","4","Markus 45SL, default","Dr Kiwi","45.0","60.0","0.0025","32.0","5","18","2","6","2009-12-16 13:25:32"
"253","4","Alpha Pro 80A BEC","","80.0","100.0","0.0","60.0","5","15","2","6","2010-01-09 15:45:50"
"254","4","TowerPro H40A","www.hobbycity.com","40.0","50.0","0.0","47.0","5","10","2","3","2010-01-14 14:00:35"
"255","4","Turnigy Monster-2000 200A 4-12S","www.hobbycity.com","200.0","230.0","0.0","293.0","10","38","4","12","2010-01-15 23:17:07"
"256","4","YGE 80 HV","Natterer Modellbau","80.0","85.0","0.0","56.0","10","36","3","12","2010-01-20 10:49:15"
"257","4","Motrolfly 10A","Subsonic Planes","10.0","10.0","0.0","14.5","6","12","2","3","2010-01-23 11:37:43"
"258","4","Torcster ECO 70A","www.natterer-modellbau.de","70.0","80.0","0.0","63.0","10","24","4","8","2010-01-26 14:14:21"
"259","4","Motrolfly 20A","SubsonicPlanes","20.0","0.0","0.0","21.0","6","12","2","3","2010-01-26 20:56:20"
"260","4","YGE 80 (18°/V:4)","www.elektromodellflug.de","80.0","85.0","0.0","56.0","6","18","2","6","2010-01-26 15:50:25"
"261","4","YGE 120HV (24°/V:4)","www.elektromodellflug.de","120.0","150.0","0.0","120.0","12","42","4","14","2010-01-26 15:50:48"
"262","4","Hobbyking SS Series 25-30A ESC","MiRi","25.0","30.0","0.0","22.0","6","8","2","3","2010-02-27 13:50:50"
"263","4","HobbyWing Platinum 40A","BlueAngel","40.0","60.0","0.0","41.0","5","18","2","6","2010-03-23 13:22:05"
"264","4","T2M AirPower T7016","(R geschätzt)","16.0","16.0","15.0","17.0","6","10","2","3","2010-05-02 20:33:44"
"265","4","Dymond Smart 25 Plus","Staufenbiel, R geschätzt","25.0","25.0","8.0","34.0","5","12","2","4","2010-05-02 20:36:33"
"266","4","MEX LV25","(Schweighofer, R geschätzt)","25.0","25.0","10.0","28.0","6","10","2","3","2010-05-02 20:33:24"
"267","4","T2M IMCS 25","Niklas Dietz (Werte aus Anleitung)","25.0","35.0","2.3","19.5","5","10","2","3","2010-05-03 17:31:22"
"268","4","Kontronik JIVE 100LV (FW8)","www.elektromodellflug.de","100.0","200.0","0.0","85.0","5","18","2","6","2010-04-22 16:03:17"
"269","4","YGE 120HV (18°/V:4)","www.elektromodellflug.de","140.0","120.0","0.0","125.0","12","40","4","14","2010-04-22 15:43:30"
"270","4","Kontronik JIVE 80HV (FW8)","www.elektromodellflug.de","120.0","0.0","0.0","85.0","12","16","4","14","2010-05-11 14:25:12"
"271","4","Torcster PRO SBEC 70A","www.natterer-modellbau.de","70.0","90.0","0.0","40.0","5","18","2","6","2010-05-11 12:31:19"
"272","4","Overdrive-Racing 200A Classic","Overdrive-Racing.de","200.0","225.0","0.0","121.0","9","20","3","7","2010-07-05 04:11:38"
"273","4","Castle Phoenix Ice 100","Chucky1978","100.0","100.0","0.006","105.0","2","22","2","8","2010-07-05 22:46:56"
"274","4","Graupner BrushlessControl 45 SBEC 7235","graupner.de","45.0","50.0","0.0","52.0","2","118","2","6","2010-05-26 17:42:21"
"275","4","Hobbyking SS Series 35-40A ESC","Hobbyking.HK","35.0","40.0","5.1","27.0","6","8","2","3","2010-08-23 09:50:00"
"276","4","Poly-Tec Control 45-18 PRO ","Polytec.eu","40.0","40.0","0.0","35.0","5","18","2","6","2010-07-07 17:14:50"
"277","4","Poly-Tec Control 125-18 Hotliner BEC","Polytec Webseite","90.0","125.0","0.0","102.0","7","18","2","7","2010-08-27 19:25:18"
"278","4","Castle Thunderbird 9 ","Catalog","9.0","9.0","0.0","8.0","6","12","2","3","2010-10-31 21:32:35"
"279","4","Dualsky XC4018BA ","Catalog","40.0","60.0","0.0","30.0","6","18","2","6","2010-10-31 21:39:06"
"280","4","Torcster PRO SBEC 40A","www.natterer-modellbau.de","40.0","60.0","0.0","30.0","5","18","2","6","2010-11-20 22:36:18"
"281","4","Jeti Advance Pro 12A","www.jetimodel.com","12.0","0.0","0.0","9.0","6","10","2","3","2010-11-22 20:32:28"
"282","4","YGE 120HV (30°/V:4)","www.elektromodellflug.de","120.0","150.0","0.0","120.0","12","42","4","14","2010-09-30 17:37:57"
"283","4","YGE 120HV (6°/V:4)","www.elektromodellflug.de","120.0","150.0","0.0","120.0","12","42","4","14","2010-09-30 17:06:52"
"284","4","Kontronik JIVE 100LV (FW9)","www.elektromodellflug.de","100.0","200.0","0.0","85.0","5","18","2","6","2010-10-20 13:16:39"
"285","4","Kontronik JIVE 80HV (FW9)","www.elektromodellflug.de","80.0","160.0","0.0","85.0","12","16","4","14","2010-10-20 13:18:47"
"286","4","Kontronik KOBY 90 LV","www.elektromodellflug.de","90.0","110.0","0.0","90.0","5","18","2","6","2010-11-03 17:07:22"
"287","4","HiModel GX Series 200A 4-8S BEC","http://www.himodel.com/electric/HiModel_GX_Seires_200A_4-8S_Electric_Speed_Controller_W_BEC_Type_GX-200A-BEC.html","200.0","230.0","0.0","130.0","0","0","4","8","2011-01-08 18:28:31"
"288","4","Robbe Roxxy 710","http://de.robbe-online.net","10.0","15.0","0.0","8.8","4","10","2","3","2010-11-10 21:29:15"
"289","4","YGE 120HV (0°/V4)","www.elektromodellflug.de","120.0","150.0","0.0","125.0","12","40","4","14","2010-12-30 10:48:54"
"290","4","D-Power 80A Timing_high (Derkum)","www.elektromodellflug.de","80.0","90.0","70.0","0.0","5","22","2","6","2011-02-24 12:44:21"
"291","4","Schulze future Value 12.60e (22°)","www.elektromodellflug.de","60.0","80.0","0.0","58.0","6","12","2","4","2011-02-24 16:20:17"
"292","4","Torcster Pro Opto 100A HV","www.natterer-modellbau.de","100.0","120.0","0.0","75.0","18","38","6","12","2011-02-02 16:38:34"
"293","4","E-Flite EFL1010","E-Flite","12.0","12.0","0.0","10.0","6","10","2","3","2011-03-01 23:28:17"
"294","4","YGE 120HV (12°/V:4)","www.elektromodellflug.de","120.0","140.0","0.0","125.0","12","40","4","14","2011-04-18 15:28:19"
"295","4","Graupner Brushless Control 18","Graupner Homepage","18.0","22.0","0.0","23.0","6","12","2","3","2011-04-25 18:36:16"
"296","4","Schulze future Value 12.60e (5°)","www.elektromodellflug.de","60.0","80.0","0.0","58.0","6","12","2","4","2011-05-23 16:13:54"
"297","4","Hobbyking 80A ESC 4A SBEC","Hobbyking","80.0","100.0","0.0","95.0","5","18","2","6","2011-05-24 13:14:16"
"298","4","Robbe ROXXY BL-Micro Regler 10 A","Robbe","10.0","12.0","0.0","9.0","4","10","2","3","2011-09-06 17:54:09"
"299","4","Castle Phoenix ICE 50 low timing","castlecreations.com","50.0","90.0","0.0045","34.6","3","22","3","8","2011-09-08 11:32:07"
"300","4","Turnigy Plush 80A","Turnigy Manal","80.0","90.0","0.0","91.0","4","16","2","6","2011-10-02 17:52:26"
"301","4","D-Power 60A Timing_ low V4.1 (Derkum)","www.elektromodellflug.de","60.0","65.0","62.0","62.0","5","20","2","6","2011-09-22 10:37:54"
"302","4","Master Spin 66 (18°) Hacker","www.elektromodellflug.de","66.0","77.0","0.0","55.0","6","18","2","6","2011-11-03 11:40:00"
"303","4","Torcster ECO BEC 10A V2","www.natterer-modellbau.de","10.0","12.0","0.0","10.0","4","12","2","4","2011-12-29 22:20:29"
"304","4","Torcster ECO BEC 40A","www.natterer-modellbau.de","40.0","45.0","0.0","21.0","2","3","4","10","2011-12-28 18:32:49"
"305","4","Torcster PRO OPTO 100A HV","www.natterer-modellbau.de","100.0","120.0","0.0","75.0","18","38","6","12","2011-12-29 22:13:10"
"306","4","Torcster PRO SBEC 85A V2","www.natterer-modellbau.de","85.0","100.0","0.0","58.0","5","18","2","6","2011-12-29 22:10:35"
"307","4","Torcster PRO BEC 12A V2","www.natterer-modellbau.de","12.0","16.0","0.0","10.0","5","12","2","4","2011-12-29 22:21:22"
"308","4","Torcster ECO BEC 20A V2","www.natterer-modellbau.de","20.0","25.0","0.0","22.0","4","12","2","4","2011-12-29 22:20:42"
"309","4","Torcster ECO BEC 30A V2	","www.natterer-modellbau.de","30.0","35.0","0.0","32.0","4","12","2","4","2011-12-29 22:20:55"
"310","4","Torcster PRO BEC 6A V2","www.natterer-modellbau.de","6.0","8.0","0.0","5.0","5","10","2","3","2011-12-29 22:21:48"
"311","4","Torcster PRO BEC 25A V2","www.natterer-modellbau.de","25.0","35.0","0.0","20.0","5","12","2","4","2011-12-29 22:21:34"
"312","4","Torcster PRO SBEC 50A","www.natterer-modellbau.de","50.0","80.0","0.0","30.0","5","18","2","6","2011-12-29 22:05:30"
"313","4","Torcster ECO OPTO 60A","www.natterer-modellbau.de","60.0","80.0","0.0","63.0","6","20","2","7","2011-12-29 22:07:32"
"314","4","Torcster PRO SBEC 65A V2","www.natterer-modellbau.de","65.0","85.0","0.0","54.0","5","18","2","6","2011-12-29 22:08:56"
"315","4","Torcster PRO SBEC 115A V2","www.natterer-modellbau.de","115.0","130.0","0.0","63.0","5","18","2","6","2011-12-29 22:15:35"
"316","4","Torcster PRO OPTO 120A HV","www.natterer-modellbau.de","120.0","150.0","0.0","125.0","18","38","6","12","2011-12-29 22:22:16"
"317","4","Turnigy Plush 10A","Hobbyking by BlueAngel","10.0","12.0","0.0","7.8","5","12","2","4","2012-03-03 17:38:33"
"318","4","Otter BS55A","Hersteller","45.0","55.0","0.0","46.0","10","20","3","6","2012-03-30 15:17:34"
"319","4","EnergPro 30A low timing","http://aerotrash.over-blog.com/","30.0","0.0","0.0","0.0","0","0","0","0","2012-04-15 00:05:33"
"320","4","Cobra 33A ESC","Inov8tive ","33.0","41.0","4.0","37.1","6","12","2","4","2012-05-09 16:28:52"
"321","4","Cobra 40a ESC","inov8tive ","40.0","50.0","4.9","59.5","6","20","2","6","2012-06-09 13:51:59"
"322","4","Cobra 60A ESC","inov8tive ","60.0","75.0","4.7","60.1","6","20","2","6","2012-06-09 13:52:07"
"323","4","FOXY R-12B","Adi","12.0","16.0","0.0","13.0","5","12","2","4","2012-05-27 16:10:39"
"324","4","Phönix ICE2 HV120","www.elektromodellflug.de","120.0","120.0","0.0","140.0","10","36","4","12","2012-01-19 14:04:42"
"325","4","Robbe ROXXY Control 9100-6","www.elektromodellflug.de","100.0","100.0","0.0","75.0","6","18","2","6","2012-01-19 13:31:49"
"326","4","TopFire 80A","www.elektromodellflug.de","80.0","90.0","0.0","70.0","0","0","0","0","2012-05-15 09:46:41"
"327","4","Schulze 18.97FW","","97.0","128.0","0.8","51.0","6","18","2","5","2010-07-04 23:37:39"
"328","4","Hacker X-55-SB-Pro","Hacker Website","55.0","55.0","0.0","45.0","8","18","2","6","2012-09-22 11:13:02"
"329","4","Flyduino SimonK NFET (Hex FET) 20A","www.flyduino.net","20.0","25.0","0.0","21.0","0","0","2","3","2012-11-14 21:15:09"
"330","4","Flyduino SimonK NFET (Hex FET) 10A","www.flyduino.net","10.0","15.0","0.0","16.0","0","0","2","3","2012-11-14 21:16:27"
"331","4","T-Motor T6A 6A","http://www.rctigermotor.com/show.php?contentid=107","6.0","8.0","0.0","6.0","5","6","2","2","2012-11-15 15:49:04"
"332","4","T-Motor T10A 10A","http://www.rctigermotor.com/show.php?contentid=106","10.0","12.0","0.0","9.0","5","12","2","4","2012-11-15 15:59:31"
"333","4","T-Motor T12A 12A","http://www.rctigermotor.com/show.php?contentid=105","12.0","15.0","0.0","12.0","5","12","2","4","2012-11-15 16:04:45"
"334","4","T-Motor T18A 18A","http://www.rctigermotor.com/show.php?contentid=104","18.0","22.0","0.0","19.0","5","12","2","4","2012-11-15 16:05:38"
"335","4","T-Motor T30A 30A","http://www.rctigermotor.com/show.php?contentid=103","30.0","40.0","0.0","25.0","5","12","2","4","2012-11-15 16:06:37"
"336","4","T-Motor T40A 40A","http://www.rctigermotor.com/show.php?contentid=102","40.0","60.0","0.0","35.0","5","18","2","6","2012-11-15 16:07:23"
"337","4","Cobra 60amp ESC","inov8tive ","60.0","75.0","4.7","60.1","6","20","2","6","2012-05-09 18:17:04"
"338","4","Kontronik Kosmik 200A+ HV","www.elektromodellflug.de","200.0","300.0","200.0","0.0","16","50","5","14","2012-11-21 14:17:39"
"339","4","D-Power 80A v4.1 Timing_high (Derkum)","www.elektromodellflug.de","80.0","90.0","0.0","74.0","5","18","2","6","2013-01-02 08:58:00"
"340","4","Jeti Master MEZON 120 (12°)","www.elektromodellflug.de","120.0","140.0","0.0","150.0","0","0","2","8","2013-01-02 16:25:56"
"341","4","Kontronik Kosmik 160A+ HV","www.elektromodellflug.de","160.0","220.0","0.0","201.0","12","40","5","14","2013-01-02 14:37:59"
"342","4","Sunrise COOL 60A (Timing middle)","sunrisemodel.com","60.0","70.0","0.0","57.0","6","16","2","6","2013-01-13 19:31:13"
"343","4","Sunrise COOL 60A (Timing high) copy","sunrisemodel.com","60.0","70.0","0.0","57.0","6","16","2","6","2013-01-13 19:32:14"
"344","4","Sunrise COOL 60A (Timing low)","sunrisemodel.com","60.0","70.0","0.0","57.0","6","16","2","6","2013-05-10 22:39:09"
"345","4","Jeti Master MEZON 120 (4°)","www.elektromodellflug.de","120.0","140.0","0.0","150.0","4","30","2","8","2013-03-27 10:33:15"
"346","4","Dymond Smart 80 Profi (15°)","www.elektromodellflug.de","80.0","90.0","0.0","82.0","5","18","2","6","2013-04-24 12:03:22"
"347","4","Jeti Spin 75 Pro Opto","jetimodel.com","75.0","83.0","0.0","55.0","14","30","4","10","2013-07-13 21:50:26"
"348","4","Dymond MasterX 120HV","www.elektromodellflug.de","120.0","140.0","0.0","149.0","0","0","4","12","2013-08-22 12:51:35"
"349","4","Dymond MasterX 60 BEC","www.elektromodellflug.de","60.0","70.0","0.0","58.0","0","0","2","6","2013-08-22 12:52:24"
"350","4","Castle Phoenix Edge 50 - default","K. Myers","50.0","0.0","0.0","0.0","0","0","0","0","2013-10-21 14:55:26"
"351","4","Dymond SMART 80 (auto)","Staufenbiel","80.0","90.0","0.0","100.0","0","0","2","6","2013-10-30 17:33:29"
"352","4","Afro ESC 30Amp","hobbyking Website","30.0","30.0","0.0","26.5","0","0","2","4","2013-12-20 21:44:26"
"353","4","YGE 90 LV 12° Timing","Reisenauer","90.0","130.0","0.75","40.0","6","18","2","6","2013-12-25 18:41:44"
"354","4","D-Power 60A (T=middle)","Derkum","60.0","70.0","0.0","65.0","5","20","2","6","2013-11-28 10:22:01"
"355","4","Kontronik JIVE 100LV (FW13)","www.elektromdellflug.de","100.0","200.0","0.0","98.0","5","18","2","6","2014-01-09 13:01:42"
"356","4","Kontronik JIVE 120HV (FW13)","www.elektromodellflug.de","80.0","160.0","0.0","135.0","12","44","4","14","2014-01-09 12:59:51"
"357","4","Hobbyking YEP 30A (2~4S) SBEC","","30.0","35.0","0.0","26.0","6","12","2","4","2014-03-09 17:49:29"
"358","4","Turnigy Brushed 30A","","30.0","40.0","0.0","21.0","5","10","2","3","2013-06-30 15:33:16"
"359","4","Turnigy dlux 70 sbec","","70.0","85.0","0.0","84.0","5","16","2","6","2014-06-15 13:26:44"
"360","4","turnigy dlux 55A SBEC","","67.0","55.0","0.0","81.0","5","16","2","6","2014-06-23 09:21:32"
"361","4","Graupner Brushless Control+T 100","Markus P","100.0","120.0","0.0","86.0","0","0","0","0","2014-10-30 16:06:58"
"362","4","Kontronik Kontrol-X 55LV","www.elektromodellflug.de","55.0","65.0","0.0","80.0","5","20","2","6","2015-08-17 12:42:20"
"363","4","MT60A-Opto-HS","www.elektromodellflug.de","60.0","70.0","0.0","49.0","0","0","2","6","2015-08-17 15:02:01"
"364","4","Torcster ECO BEC 6A V2.1","www.natterer-modellbau.de","6.0","8.0","0.0","5.0","5","6","2","2","2015-07-08 14:24:30"
"365","4","Torcster ECO BEC 12A V2.1 ","www.natterer-modellbau.de","12.0","15.0","0.0","9.0","5","9","2","3","2015-07-08 14:24:11"
"366","4","Torcster ECO BEC 40A V2.1","www.natterer-modellbau.de","40.0","50.0","0.0","37.0","4","9","2","3","2015-07-08 14:25:17"
"367","4","Torcster ECO BEC 50A V2.1","www.natterer-modellbau.de","50.0","60.0","0.0","45.0","5","12","2","4","2015-07-08 14:25:48"
"368","4","Torcster ECO BEC 60A V2.1","www.natterer-modellbau.de","60.0","70.0","0.0","61.0","5","12","2","4","2015-07-08 14:26:21"
"369","4","Torcster ULTIMATE SBEC 45A","www.natterer-modellbau.de","45.0","60.0","0.0","58.0","5","18","2","6","2015-07-08 14:27:09"
"370","4","Torcster ULTIMATE SBEC 65A","www.natterer-modellbau.de","65.0","80.0","0.0","67.0","5","18","2","6","2015-07-08 14:27:57"
"371","4","Torcster ULTIMATE SBEC 85A","www.natterer-modellbau.de","85.0","100.0","0.0","74.0","5","18","2","6","2015-07-08 14:28:24"
"372","4","Torcster ULTIMATE SBEC 125A","www.natterer-modellbau.de","125.0","150.0","0.0","126.0","5","18","2","6","2015-07-08 14:28:58"
"373","4","Torcster ULTIMATE Opto 120A HV","www.natterer-modellbau.de","120.0","140.0","0.0","121.0","18","38","6","12","2015-07-08 14:29:57"
"374","4","Graupner Brushless Control +T 80 HV","Markus P","80.0","100.0","0.0","120.0","0","0","0","0","2015-10-14 07:04:37"
"375","4","Hacker Master Basic 70 SB (T15°)","www.elektromodellflug.de","70.0","80.0","0.0","55.0","2","26","2","6","2015-12-03 09:43:58"
"376","4","Kontronik JIVE Pro 80+ HV","www.elektromdellflug.de","80.0","120.0","0.0","102.0","0","0","4","12","2015-12-03 10:11:32"
"377","4","Turnigy K-Force 100A, Timing 22,5°","","100.0","120.0","0.0","98.0","0","0","2","6","2015-10-05 23:36:43"
"378","4","Turnigy K-Force 100A, Timing 18,75°","","100.0","0.0","0.0","98.0","0","0","1","6","2015-09-13 22:37:57"
"379","4","Turnigy K-Force 100A , Timing 15°","","100.0","0.0","0.0","82.0","0","0","2","6","2016-02-25 21:50:53"
"380","4","Turnigy K-Force 100A, Timing 26,5°","","100.0","0.0","0.0","82.0","0","0","2","6","2016-02-26 19:28:43"
"381","4","Dymond Profi Evo 85A  autotiming","Staufenbiel","85.0","100.0","0.0","74.0","5","18","2","6","2015-11-25 21:52:31"
"382","4","Dymond Smart 80+","www.elektromodellflug.de","80.0","90.0","0.0","70.0","0","0","2","6","2016-04-28 15:13:11"
"383","4","YGE 90LV-V3","www.elektromodellflug.de","90.0","110.0","0.0","87.0","4","20","2","6","2016-08-23 15:04:23"
"384","4","Kontronic SUN 3000","Luis Gil","30.0","30.0","0.0","23.0","6","12","0","0","2016-11-28 18:18:13"
"385","4","Kontronik Kolibri 60LV","www.elektromodellflug.de","60.0","80.0","0.0","85.0","0","0","3","6","2018-04-19 11:24:18"
"386","4","10m Ohm DUMMY","","100.0","150.0","10.0","0.0","0","0","1","10","2018-08-17 08:56:26"
"387","4","20m Ohm DUMMY","","100.0","150.0","20.0","0.0","0","0","1","10","2018-08-17 08:56:49"
"388","4","30m ohm DUMMY","","100.0","200.0","20.0","0.0","0","0","0","0","2018-11-28 09:06:12"
"389","5","SWORD 120A - (24°- 8khz)","Volker Kemm","120.0","135.0","0.0","95.0","0","0","2","6","2019-10-16 10:05:15"
"390","5","SWORD 120A - (18°- 8khz)","Volker Kemm","120.0","135.0","0.0","95.0","0","0","2","6","2019-10-15 14:52:16"
"391","5","YGE 160 HV","Frank Vieten","160.0","200.0","0.03","200.0","0","0","4","14","2018-11-23 17:22:17"
"392","5","YGE 180 HV","Frank Vieten","180.0","220.0","0.0","250.0","0","0","4","14","2018-04-24 14:06:14"
"393","5","Pulsar XC-80V, mittel","eAnSys (Frank Vieten)","80.0","100.0","20.0","80.0","0","0","4","12","2018-05-08 12:18:05"
"394","5","YGE-120HVT","www.eAnSys.de","120.0","150.0","0.0","145.0","0","0","4","12","2018-10-21 20:00:33"
"395","5","YGE HVT165-Auto","www.eAnSys.de","165.0","200.0","0.0","185.0","0","0","6","14","2018-10-22 14:35:04"
"396","5","YGE-205HVT, 12° Timing","www.eAnSys.de","205.0","250.0","0.0","220.0","0","0","6","14","2019-05-16 16:29:04"
"397","5","YGE-320HVT","www.eAnSys.de","320.0","400.0","7.0E-4","348.0","0","0","6","16","2019-01-14 18:53:23"
"398","5","YGE-320HVT-6°-Timing","www.eAnSys.de","320.0","400.0","0.0","348.0","0","0","6","16","2019-03-08 17:25:03"
"399","5","YGE-165HVT, 6° Timing","www.eAnSys.de","165.0","200.0","0.0","217.0","0","0","6","14","2019-02-11 12:32:42"
"400","5","YGE-320HVT-16°Timing","www.eAnSys.de","320.0","400.0","0.0","348.0","0","0","6","16","2019-03-08 17:25:48"
"401","5","YGE-320HVT-12°Timing","www.eAnSys.de","320.0","400.0","0.0","348.0","0","0","6","16","2019-04-25 12:50:28"
"402","5","YGE HVT165-12° Timing","www.eAnSys.de","165.0","200.0","0.0","185.0","0","0","6","14","2019-05-16 16:14:51"
